offer_id,url,property_type,neighborhood,area_sqm,price_eur,price_per_sqm,floor,address_text,lat,lng,geo_source,scraped_at,geom_wkt
417478,https://address.bg/sofia-ovcha-kupel-magazin-offer417478,Магазин,Овча купел,65,1534,23.6,,,,,none,2026-04-03T20:47:38.563764+00:00,
483405,https://address.bg/sofia-centar-ofis-offer483405,Офис,Център,95.3,1239,13.0,,,,,none,2026-04-03T20:47:40.252291+00:00,
519492,https://address.bg/sofia-studentski-grad-magazin-offer519492,Магазин,Студентски град,330,4000,12.12,,". Магазина разполага и  с вход за зареждане.Общата площ е 281 кв.м. Цената е без включен ДДС.


																	
									Магазина е на партерно ниво в нова сграда.

								
																	
									Комуникативно място до НСА.

								
																	
									Локация***Лице към улица***Свободен за нанаяне

								
								
								Обади се СЕГА и цитирай този код 519492.",,,none,2026-04-03T20:47:38.563768+00:00,
600635,https://address.bg/sofia-manastirski-livadi-iztok-magazin-offer600635,Магазин,Манастирски ливади - изток,210,4900,23.33,,,,,none,2026-04-03T20:47:36.190236+00:00,
643743,https://address.bg/sofia-orlandovci-ceh-sklad-offer643743,Цех/Склад,Орландовци,210,1534,7.3,,"Илиянци, Военна рампа. 

								
								
								
								Обади се СЕГА и цитирай този код 643743.",,,none,2026-04-03T20:47:36.190277+00:00,
645846,https://address.bg/sofia-tolstoy-magazin-offer645846,Магазин,Толстой,40,650,16.25,,,,,none,2026-04-03T20:47:38.563922+00:00,
654531,https://address.bg/sofia-lozenec-magazin-offer654531,Магазин,Лозенец,295,5000,16.95,,Козяк,42.6668218,23.3139052,geocoded,2026-04-03T20:47:36.190245+00:00,POINT(23.3139052 42.6668218)
672274,https://address.bg/sofia-krasno-selo-ofis-offer672274,Офис,Красно село,240,3000,12.5,,,,,none,2026-04-03T20:47:36.190267+00:00,
674420,https://address.bg/sofia-nadezhda-1-ofis-offer674420,Офис,Надежда 1,197,5000,25.38,,"Ломско шосе!

								
																	
									Предимства: Локация, Човекопоток!

								
								
								Обади се СЕГА и цитирай този код 674420.",,,none,2026-04-03T20:47:36.190185+00:00,
681188,https://address.bg/sofia-centar-magazin-offer681188,Магазин,Център,120,2100,17.5,,,,,none,2026-04-03T20:47:38.563776+00:00,
681495,https://address.bg/sofia-manastirski-livadi-zapad-ofis-offer681495,Офис,Манастирски ливади - запад,232,3500,15.09,,,,,none,2026-04-03T20:47:38.563950+00:00,
682983,https://address.bg/sofia-ovcha-kupel-ofis-offer682983,Офис,Овча купел,111,600,5.41,,". Имотът е с отлична видимост, което го прави подходящ за магазин, офис, салон за красота, кабинет или друг вид търговска дейност. Състои се от: основно помещение, склад и санитарен възел. Височина на таваните 3.20 м..

Възможност за наемане на 2 паркоместа на отделна цена.


																	
									Нова самостоятелна жилищна сграда с АКТ 16, състояща се от подземно ниво с паркоместа и шест жилищни етажа.

								
																	
									Намира се в ж.к. Овча купел, в непосредствена близост до метростанция „Мизия",,,none,2026-04-03T20:47:36.190214+00:00,
683511,https://address.bg/sofia-centar-ofis-offer683511,Офис,Център,620,9200,14.84,,,,,none,2026-04-03T20:47:38.563930+00:00,
688165,https://address.bg/sofia-centar-ofis-offer688165,Офис,Център,300,1500,5.0,,,,,none,2026-04-03T20:47:36.190204+00:00,
688405,https://address.bg/sofia-lyulin-1-magazin-offer688405,Магазин,Люлин 1,30,350,11.67,,Панчо Владигеров,42.694804,23.3471003,geocoded,2026-04-03T20:47:36.190199+00:00,POINT(23.3471003 42.694804)
529505,https://address.bg/sofia-centar-ofis-sgrada-targovski-centar-offer529505,Офис Сграда/Търговски център,Център,2880,12500,4.34,,"Руски паметник и ,,5-те кьошета",42.6900964,23.3108545,search_api,2026-04-03T20:47:40.252286+00:00,POINT(23.3108545 42.6900964)
530429,https://address.bg/sofia-centar-magazin-offer530429,Магазин,Център,141,3500,24.82,,,42.7008059,23.3224296,search_api,2026-04-03T20:47:36.190257+00:00,POINT(23.3224296 42.7008059)
573272,https://address.bg/sofia-studentski-grad-ofis-offer573272,Офис,Студентски град,150,1650,11.0,,,42.6503809986,23.339768648,search_api,2026-04-03T20:47:40.252296+00:00,POINT(23.339768648 42.6503809986)
592568,https://address.bg/sofia-druzhba-1-ofis-offer592568,Офис,Дружба 1,1900,14000,7.37,,"Цветан Лазаров 

								
																	
									Висок клас сграда, бърз и лесен достъп до централни пътни артерии, метростанции и спирки на градски транспорт.

								
								
								Обади се СЕГА и цитирай този код 592568.",42.6693808,23.3843898,search_api,2026-04-03T20:47:40.252304+00:00,POINT(23.3843898 42.6693808)
608576,https://address.bg/sofia-centar-ofis-offer608576,Офис,Център,27,285,10.56,,". Подходящ за офис дейност – адвокатска кантора, счетоводство, представителство, архитектура, строителство, онлайн магазин и други.


																	
									Монолитна сграда от смесен тип - с магазини, офиси и жилища.

								
																	
									Кв. Център, ул. Пиротска до бул. Христо Ботев и недалеч от метростанция Опълченска.

								
																	
									Локация, удобство!

								
								
								Обади се СЕГА и цитирай този код 608576.",42.7004132,23.314201,search_api,2026-04-03T20:47:38.563760+00:00,POINT(23.314201 42.7004132)
617677,https://address.bg/sofia-studentski-grad-magazin-offer617677,Магазин,Студентски град,200,3500,17.5,,"Симеоновско шосе !

								
																	
									Отлична локацция.

								
								
								Обади се СЕГА и цитирай този код 617677.",42.6577356,23.3373789,search_api,2026-04-03T20:47:36.190210+00:00,POINT(23.3373789 42.6577356)
621187,https://address.bg/sofia-centar-magazin-offer621187,Магазин,Център,64,500,7.81,,". Подходящо за адвокатска кантора, офис.


																	
									Хубава, модерна бизнес сграда.

								
																	
									ТОП Център, до Съдебна палата, БСП, ДПС, Министерство на земеделие.

								
																	
									Топ център.

								
								
								Обади се СЕГА и цитирай този код 621187.",42.6963185,23.3168998,search_api,2026-04-03T20:47:36.190249+00:00,POINT(23.3168998 42.6963185)
633067,https://address.bg/sofia-centar-ofis-sgrada-targovski-centar-offer633067,Офис Сграда/Търговски център,Център,860,8400,9.77,,,42.7001484655,23.3196165683,search_api,2026-04-03T20:47:38.563946+00:00,POINT(23.3196165683 42.7001484655)
640157,https://address.bg/sofia-lozenec-magazin-offer640157,Магазин,Лозенец,460,4500,9.78,,"Вапцаров, в близост до бул. Черни Връх. 
Отдава се без оборудване.
Работеща вентилация и климатизация, осветление. Последно заведението е работило като РЕСТОРАНТ АХОРА. Втори  вход/изход подходящ за удобно зареждане или ВИП зала.

Предимства на имота:

Комуникативна локация в квартал Лозенец 

Много голям ежедневен човекопоток в района

Множество млади семейства с доходи над средните за страната

Обществена нужда от голям ресторант в района

Подходящ за изграждане на детски кът и парти зона, предвид самостоятелността на имота

Ресторантът е с традиции в квартала и е приемал над множество гости, както ежедневно, така и с организация на събития и празници. 
 

Помещението е изключително подходящо за различни видове бизнес дейности като бар, ресторант, ивент център ,наргиле бар, зала за конференции, фитнес, магазин, офис, галерия и др.

Този просторен имот представлява идеалната възможност за развитие и реализация на вашите бизнес планове, като предлага гъвкави възможности за преобразяване според вашите конкретни изисквания.

Цената е без ДДС.


																	
									Тухлена сграда от 2006 год. с отлични общи части.

								
																	
									ж.к. Лозенец

								
																	
									Локация, потенциал, разработен бизнес

								
								
								Обади се СЕГА и цитирай този код 640157.",42.6642899,23.3158633,search_api,2026-04-03T20:47:38.563934+00:00,POINT(23.3158633 42.6642899)
646034,https://address.bg/sofia-druzhba-1-ceh-sklad-offer646034,Цех/Склад,Дружба 1,1500,8430,5.62,,,42.672020458,23.3839801644,search_api,2026-04-03T20:47:38.563744+00:00,POINT(23.3839801644 42.672020458)
650008,https://address.bg/sofia-centar-magazin-offer650008,Магазин,Център,57,550,9.65,,"Христо Ботев 101. Първо ниво на партер с витрина към булеварда, площ - 29 кв.м. със санитарен възел. Второ ниво от 28 кв.м., състоящо се от две помещения, по-малка височина на таваните. Функционирал е като Ключарско ателие. Второ ниво е подходящо за офис и склад. Освежен..

 


																	
									Сграда от 1935 г.

								
																	
									На бул. Христо Ботев в близост до ул. Цар Симеон.

								
																	
									Местополежение - голям човекопоток.

								
								
								Обади се СЕГА и цитирай този код 650008.",42.7020195,23.3164242,search_api,2026-04-03T20:47:36.190030+00:00,POINT(23.3164242 42.7020195)
662811,https://address.bg/sofia-iztok-magazin-offer662811,Магазин,Изток,137.27,1700,12.38,,"Цариградско шосе. Състои се от едно голямо работно помещение, разделено на няколко по-малки със стъклени прегради, кухня, складово помещение и санитарен възел.


																	
									Нова луксозна сграда в отлично състояние.

								
																	
									Намира се в жк Изток на ул. Антон П. Чехов до бул. Цариградско шосе.

								
																	
									Магазин в отлично състояние, разположен в модерна сграда.  Престижен район с много добре изградена инфраструктура и комуникации.

Свободен за нанасяне!

								
								
								Обади се СЕГА и цитирай този код 662811.",42.6709585,23.3635998,search_api,2026-04-03T20:47:38.563958+00:00,POINT(23.3635998 42.6709585)
664396,https://address.bg/sofia-druzhba-1-ofis-offer664396,Офис,Дружба 1,65,455,7.0,,,42.671261,23.387043,search_api,2026-04-03T20:47:36.190271+00:00,POINT(23.387043 42.671261)
668402,https://address.bg/sofia-centar-ofis-offer668402,Офис,Център,250,3450,13.8,,"Феликс Каниц 

								
																	
									Локация, състояние

								
								
								Обади се СЕГА и цитирай този код 668402.",42.6871322,23.3036113,search_api,2026-04-03T20:47:38.563756+00:00,POINT(23.3036113 42.6871322)
668941,https://address.bg/sofia-lyulin-2-ofis-offer668941,Офис,Люлин 2,262,1572,6.0,,,42.7242191,23.2484184,search_api,2026-04-03T20:47:40.252266+00:00,POINT(23.2484184 42.7242191)
670161,https://address.bg/sofia-orlandovci-ceh-sklad-offer670161,Цех/Склад,Орландовци,144,1200,8.33,,,42.723035014,23.3290228698,search_api,2026-04-03T20:47:38.563942+00:00,POINT(23.3290228698 42.723035014)
670579,https://address.bg/sofia-lyulin-8-ofis-offer670579,Офис,Люлин 8,89,1000,11.24,,,42.6499715,23.231524,search_api,2026-04-03T20:47:38.563772+00:00,POINT(23.231524 42.6499715)
675037,https://address.bg/sofia-lyulin-10-ceh-sklad-offer675037,Цех/Склад,Люлин 10,215,695,3.23,,"Сливница и бул. Петър Дертлиев.

								
																	
									Локация, промишлен имот.

								
								
								Обади се СЕГА и цитирай този код 675037.",42.7169888,23.2768803,search_api,2026-04-03T20:47:36.190262+00:00,POINT(23.2768803 42.7169888)
675804,https://address.bg/sofia-lozenec-ofis-offer675804,Офис,Лозенец,33,550,16.67,,"Св. Наум.

								
																	
									Предимства:

* Статут на стоматологичен кабинет.

* От над 20 години е функционирало като стоматологичен кабинет.

* Централно местоположение.

* Престижен квартал.

За въпроси и огледи: 0885011791 - Добринка Ганчева 

 

								
								
								Обади се СЕГА и цитирай този код 675804.",42.6782174,23.328417,search_api,2026-04-03T20:47:38.563953+00:00,POINT(23.328417 42.6782174)
676971,https://address.bg/sofia-lozenec-magazin-offer676971,Магазин,Лозенец,250,6000,24.0,,,42.6851993,23.3290534,search_api,2026-04-03T20:47:38.563751+00:00,POINT(23.3290534 42.6851993)
678087,https://address.bg/sofia-manastirski-livadi-zapad-ofis-offer678087,Офис,Манастирски ливади - запад,605,6300,10.41,,"България. 

								
																	
									Бул. Бъллгария.

								
																	
									Локация.

Бизнес сграда.

Оборудван офис. 

								
								
								Обади се СЕГА и цитирай този код 678087.",42.660254,23.2849021,search_api,2026-04-03T20:47:40.252260+00:00,POINT(23.2849021 42.660254)
678954,https://address.bg/sofia-manastirski-livadi-iztok-ofis-offer678954,Офис,Манастирски ливади - изток,291,4799,16.49,,"България. Витрина с височина 5,60 метра. Магазинът е на две нива с обща площ от 291 кв.м. 

Фирмен имот, допълнително се начислява ДДС към наемната цена.

На първо ниво 211 кв.м е разположена магазинната част, шоурум с два входа, санитарен възел. Основната търговска зала е с площ над 150 кв.м с четири витрини към бул. България, а също и ъглово по страната на сградата, както и с витрина към вътрешния двор и паркинг на сградата. По предната фасада магазинът разполага със светлинни рекламни видеостени. На второ ниво с площ от 80,5 кв.м е изграден кафе-бар-клуб за срещи и ивенти, офис срещи и други. Втори санитарен възел.

Изградена е професионална ОВИ инсталация с VRV система, която вкарва и пресен въздух. Висок енергоспестяващ клас .  Пред магазина има три паркоместа за клиенти. Те са в самостоятелно локално платно на входа на бул. България след детелината на Околовръстното шосе в посока Център . Голяма част от наличното оборудване и обзавеждане, светлинни реклами са обект на допълнително заплащане по договаряне. 


																	
									Представителна нова сграда с магазини, офиси и жилищна част.

								
																	
									Бул. България, Манастирски ливади-изток с подход и паркиране от булеварда.

								
																	
									Магазинът е с огромни витрини, представителност и правоъгълни форми. Подходящ е както за шоурум за промишлени стоки - мебели, стоки за банята идома, покрива, дизайнерско и архитуктурно студио, детски клуб, кафене, сладкарница, козметично студио и разкрасителен салон и др. Подсигурени и включени в наемната цена са паркоместа за клиенти !

								
								
								Обади се СЕГА и цитирай този код 678954.",42.6558276,23.2849057,search_api,2026-04-03T20:47:40.252281+00:00,POINT(23.2849057 42.6558276)
679196,https://address.bg/sofia-krastova-vada-magazin-offer679196,Магазин,Кръстова вада,610,15000,24.59,,"Черни връх и ул. Джон Атанасов

								
																	
									Нова и луксозна сграда.

 

								
								
								Обади се СЕГА и цитирай този код 679196.",42.6531758,23.3155911,search_api,2026-04-03T20:47:40.252300+00:00,POINT(23.3155911 42.6531758)
680320,https://address.bg/sofia-hipodruma-ofis-offer680320,Офис,Хиподрума,150,1200,8.0,,"Акад. Иван Евстр. Гешов. Към наемната цена се начислява допълнително ДДС.

Офисът е с площ - 150 кв.м.,  на самостоятелен етаж. Състои се от две големи и светли работни помещения, малка стая за срещи - разговори, и тераса. В офиса има кухненски бокс, втора тераса и санитарен възел. В началота на офиса има и самостоятелен отделен кабинет. Допълнително на етажа има работно помещение тип голям кабинет или конферентна зала.


																	
									Офис сграда от 2010 г.

								
																	
									Районът е един от най-престижните и предпочитани поради изцяло изградената инфраструктура - добри транспортни връзки и близостта до идеален център. Гр. София , в близост до Медицинска академия!

								
																	
									Локация, функционална площ, малък процент общи части.

								
								
								Обади се СЕГА и цитирай този код 680320.",42.685625,23.3002984,search_api,2026-04-03T20:47:38.563926+00:00,POINT(23.3002984 42.685625)
682386,https://address.bg/sofia-ovcha-kupel-2-ceh-sklad-offer682386,Цех/Склад,Овча купел 2,300,1500,5.0,,,42.6868549,23.2456578,search_api,2026-04-03T20:47:38.563938+00:00,POINT(23.2456578 42.6868549)
683005,https://address.bg/sofia-lozenec-ceh-sklad-offer683005,Цех/Склад,Лозенец,19,180,9.47,,"Богатица. Отлична локация с бърз достъп до центъра на града.

								
																	
									
	
	Партерен гараж
	
	
	Ток в помещението
	
	
	Лесен и директен достъп
	
	
	Подходящ за автомобил и склад
	
	
	Сигурна и поддържана сграда
	
	
	Престижен район
	


								
								
								Обади се СЕГА и цитирай този код 683005.",42.671258,23.3133,search_api,2026-04-03T20:47:36.190281+00:00,POINT(23.3133 42.671258)
683078,https://address.bg/sofia-dianabad-magazin-offer683078,Магазин,Дианабад,50,550,11.0,,"Васил Калчев, в близост до бул. Никола Габровски.
			
		
	


								
																	
									Разработена локация функционираща повече от 20 години като дентален кабинет, самостоятелна постройка, отделно помещение за въздушния компресор, напълно оборудван.

								
								
								Обади се СЕГА и цитирай този код 683078.",42.6638508,23.3482443,search_api,2026-04-03T20:47:40.252238+00:00,POINT(23.3482443 42.6638508)
684435,https://address.bg/sofia-centar-ceh-sklad-offer684435,Цех/Склад,Център,21,155,7.38,,"Кешан в близост до бул. Васил Левски. 

								
																	
									Подходящ както за гараж така и за склад.

								
								
								Обади се СЕГА и цитирай този код 684435.",42.7035233,23.3345434,search_api,2026-04-03T20:47:36.190240+00:00,POINT(23.3345434 42.7035233)
684895,https://address.bg/sofia-lyulin-10-magazin-offer684895,Магазин,Люлин 10,87,1644,18.9,,,42.7127009,23.2705403,search_api,2026-04-03T20:47:38.563726+00:00,POINT(23.2705403 42.7127009)
685032,https://address.bg/sofia-hipodruma-magazin-offer685032,Магазин,Хиподрума,66,1100,16.67,,,42.6849952,23.3000359,search_api,2026-04-03T20:47:40.252277+00:00,POINT(23.3000359 42.6849952)
686410,https://address.bg/sofia-svoboda-magazin-offer686410,Магазин,Свобода,48,630,13.12,,,42.7395495,23.3053168,search_api,2026-04-03T20:47:38.563915+00:00,POINT(23.3053168 42.7395495)
686698,https://address.bg/sofia-ivan-vazov-magazin-offer686698,Магазин,Иван Вазов,39,490,12.56,,"Витоша, магазин Фантастико, Южен парк и пазар Иван Вазов, на спирка на градския транспорт.

								
																	
									Локация, утвърдена търговска поредица от магазини!

								
								
								Обади се СЕГА и цитирай този код 686698.",42.6760224,23.3084306,search_api,2026-04-03T20:47:40.252272+00:00,POINT(23.3084306 42.6760224)
687005,https://address.bg/sofia-malinova-dolina-magazin-offer687005,Магазин,Малинова Долина,30,630,21.0,,,42.638078,23.3392109,search_api,2026-04-03T20:47:36.190219+00:00,POINT(23.3392109 42.638078)
689258,https://address.bg/sofia-manastirski-livadi-iztok-ofis-offer689258,Офис,Манастирски ливади - изток,425,3950,9.29,,,42.6612743413,23.2878539311,search_api,2026-04-03T20:47:36.190253+00:00,POINT(23.2878539311 42.6612743413)
689756,https://address.bg/sofia-krasno-selo-magazin-offer689756,Магазин,Красно село,90,1650,18.33,,"Гоце Делчев в близост до кръстовището с бул. България. Търговският обект се състои от приемна, два кабинета със стъклени врати, коридор, санитарен възел и две по-големи работни помещения - зали. Залите и приемната са с климатици. Височината на витрината и магазина е 3 м. 


																	
									Монолитна кооперация от смесен тип - жилища и магазини.

								
																	
									Кв. Красно село.

								
																	
									Локация, търговска улица, множество магазини и населени блокове!

								
								
								Обади се СЕГА и цитирай този код 689756.",42.6723053,23.2935079,search_api,2026-04-03T20:47:36.190227+00:00,POINT(23.2935079 42.6723053)
690047,https://address.bg/sofia-centar-magazin-offer690047,Магазин,Център,33,490,14.85,,"Поп Богомил непосредствено до бул. Княгиня Мария Луиза. Магазинът е след основен ремонт - окачен таван, лед осветление, нова баня и санитарен възел. Магазинът е подходящ за онлайн магазин, ателие, счетоводна дейност и друг вид офис дейност. 


																	
									Нова тухлена кооперация.

								
																	
									Кв. Център, до паспортното бюро на МВР и метростанция Лъвов мост. Множество магазини, офиси и транспортни връзки в района.

								
																	
									Локация! Напълно ремонтираният магазин чака своя първи наемател!

								
								
								Обади се СЕГА и цитирай този код 690047.",42.703766,23.324028,search_api,2026-04-03T20:47:36.190223+00:00,POINT(23.324028 42.703766)
